Date,USA_Avg_Goldstein,USA_Event_Count,India_Avg_Goldstein,India_Event_Count,Combined_Simple_Avg,Combined_Weighted_Avg,Combined_Product,Combined_Geometric_Mean,USA_India_Sentiment_Diff,USD_to_INR,Exchange_Rate_Change,Exchange_Rate_Change_Abs
2025-01-02,0.1576437949611278,30999.0,0.2427147239263803,5216.0,0.2001792594437541,0.1698964517465138,0.038262470172697,0.1956079501776373,-0.0850709289652525,85.76,,
2025-01-03,0.2608938981733384,38595.0,0.2427147239263803,5216.0,0.2518043110498594,0.2587295428088835,0.063322790469219,0.251640200423579,0.018179174246958,85.77,0.0116604477611748,0.0099999999999909
2025-01-06,0.5435092598071121,33802.0,0.2427147239263803,5216.0,0.3931119918667462,0.5032984776257112,0.1319176999455145,0.3632047631096191,0.3007945358807317,85.61,-0.1865454121487642,-0.1599999999999966
2025-01-07,0.5927260653016049,45175.0,0.2427147239263803,5216.0,0.4177203946139926,0.5564961997182036,0.1438633433036487,0.3792932154727378,0.3500113413752245,85.74,0.1518514192267117,0.1299999999999954
2025-01-08,0.380444365725981,50814.0,0.2427147239263803,5216.0,0.3115795448261806,0.3676227021238621,0.0923394491965283,0.3038740679895676,0.1377296417996006,85.89,0.174947515745294,0.1500000000000056
2025-01-09,0.4687007649275031,52554.0,0.2427147239263803,5216.0,0.3557077444269417,0.4482966937857019,0.1137605767634622,0.3372841187537033,0.2259860410011227,85.85,-0.0465711957154613,-0.0400000000000062
2025-01-10,0.3350226280428238,50159.0,0.2427147239263803,5216.0,0.2888686759846021,0.3263277652370203,0.0813149246745044,0.2851577189460323,0.0923079041164434,86.02,0.1980198019801982,0.1700000000000017
2025-01-13,0.5377720022422667,39246.0,0.2427147239263803,5216.0,0.3902433630843235,0.5031577526876884,0.1305251830595685,0.3612826913368098,0.2950572783158863,86.7,0.7905138339921125,0.6800000000000068
2025-01-14,0.5281278631782551,49115.0,0.2427147239263803,5216.0,0.3854212935523177,0.5007270250869669,0.1281844085091393,0.3580285023697686,0.2854131392518747,86.57,-0.1499423298731317,-0.1300000000000096
2025-01-15,0.6662256425809386,52756.0,0.2427147239263803,5216.0,0.4544701832536595,0.6281204719519768,0.1617027729117078,0.4021228331140969,0.4235109186545582,86.42,-0.1732701859766594,-0.1499999999999914
2025-01-16,0.692268544600939,53250.0,0.2427147239263803,5216.0,0.4674916342636597,0.6521619402729792,0.168023768685734,0.4099070244405846,0.4495538206745586,86.58,0.1851423281647779,0.1599999999999966
2025-01-17,0.5696075793681298,52036.0,0.2427147239263803,5216.0,0.4061611516472551,0.539825682945574,0.1382521463727094,0.3718227351476902,0.3268928554417494,86.62,0.0462000462000622,0.0400000000000062
2025-01-20,0.8236749936214135,43113.0,0.2427147239263803,5216.0,0.5331948587738969,0.760973742473463,0.1999180486818844,0.4471219617530372,0.5809602696950331,86.54,-0.0923574232278845,-0.0799999999999983
2025-01-21,0.7560324765087753,57149.0,0.2427147239263803,5216.0,0.4993736002175778,0.713100296640744,0.183500213815205,0.4283692493809576,0.5133177525823949,86.6,0.0693321007626313,0.059999999999988
2025-01-22,0.5908169949932152,42742.0,0.2427147239263803,5216.0,0.4167658594597977,0.5529567538262646,0.1433999838307918,0.3786819032259026,0.3481022710668348,86.38,-0.254041570438801,-0.2199999999999988
2025-01-23,0.4803851627980531,56911.0,0.2427147239263803,5216.0,0.3615499433622167,0.460431052521448,0.1165965521668587,0.3414623729883846,0.2376704388716727,86.44,0.0694605232692824,0.0600000000000022
2025-01-24,0.3237456755158011,55787.0,0.2427147239263803,5216.0,0.2832301997210907,0.3168172057111945,0.0785778422551771,0.2803173955629175,0.0810309515894207,86.26,-0.2082369273484374,-0.1799999999999926
2025-01-27,0.4865237982476912,42230.0,0.2427147239263803,5216.0,0.3646192610870358,0.4597205243856174,0.1180864893753023,0.3436371478395523,0.2438090743213108,86.31,0.0579642939948943,0.0499999999999971
2025-01-28,0.5192270157800734,54309.0,0.2427147239263803,5216.0,0.3809708698532268,0.4949970600587989,0.1260240417901788,0.3549986504061372,0.2765122918536929,86.56,0.2896535743251105,0.25
2025-01-29,0.6140492994472065,57526.0,0.2427147239263803,5216.0,0.4283820116867934,0.5831787319498901,0.149038806192516,0.386055444453923,0.3713345755208261,86.56,0.0,0.0
2025-01-30,0.6464009496077304,53917.0,0.2427147239263803,5216.0,0.4445578367670554,0.610792620026043,0.1568910280297903,0.3960947210324702,0.40368622568135,86.61,0.0577634011090566,0.0499999999999971
2025-01-31,0.5973570207861373,50322.0,0.2427147239263803,5216.0,0.4200358723562588,0.5640498397493608,0.1449873443855923,0.3807720372947472,0.3546422968597569,86.59,-0.0230920217064944,-0.019999999999996
2025-02-03,0.7296206259788224,42781.0,0.2427147239263803,5216.0,0.4861676749526014,0.6767068775131779,0.1770896688054427,0.4208202333603301,0.486905902052442,87.06,0.5427878507910933,0.4699999999999988
2025-02-04,0.6986356634636544,54532.0,0.2427147239263803,5216.0,0.4706751936950173,0.6588337684943429,0.1695691621827044,0.4117877635174513,0.455920939537274,87.09,0.0344589937973927,0.0300000000000011
2025-02-05,0.6229272986580064,58197.0,0.2427147239263803,5216.0,0.4328210112921934,0.5916531310614542,0.1511936273199839,0.3888362474358376,0.380212574731626,87.37,0.321506487541634,0.2800000000000011
2025-02-06,0.5309175672812037,56628.0,0.2427147239263803,5216.0,0.386816145603792,0.5066101804540456,0.1288615107703228,0.3589728551998365,0.2882028433548232,87.61,0.2746938308343827,0.2399999999999948
2025-02-07,0.5320845909907156,52346.0,0.2427147239263803,5216.0,0.387399657458548,0.5058632431117751,0.1291447646077925,0.3593671724125515,0.2893698670643352,87.51,-0.1141422212076137,-0.0999999999999943
2025-02-10,0.6463815531185385,38207.0,0.2427147239263803,5216.0,0.4445481385224594,0.5978928217764778,0.156886320216271,0.3960887782003815,0.4036668291921581,87.47,-0.0457090618215083,-0.0400000000000062
2025-02-11,0.7282095567069661,53847.0,0.2427147239263803,5216.0,0.4854621403166732,0.6853343040482197,0.1767471815166831,0.4204131081646754,0.4854948327805857,86.74,-0.8345718532068225,-0.730000000000004
2025-02-12,0.7511906642098798,56985.0,0.2427147239263803,5216.0,0.4969526940681301,0.7085513094644781,0.1823250346797752,0.426995356742641,0.5084759402834994,86.89,0.1729305971869932,0.1500000000000056
2025-02-13,0.738909163173869,55352.0,0.2427147239263803,5216.0,0.4908119435501247,0.696177849689605,0.1793441335464183,0.4234904173017594,0.4961944392474886,86.99,0.1150880423523847,0.0999999999999943
2025-02-14,0.6666845791794834,53966.0,0.2427147239263803,5216.0,0.4546996515529319,0.6293180358892907,0.1618141635815234,0.4022613125587935,0.423969855253103,86.67,-0.3678583745257979,-0.3199999999999932
2025-02-17,0.7891974094758646,38139.0,0.2427147239263803,5216.0,0.5159560667011225,0.7234505824011072,0.191549831364349,0.4376640622262114,0.5464826855494842,86.88,0.2422983731394934,0.2099999999999937
2025-02-18,0.7250325191501662,34595.0,0.2427147239263803,5216.0,0.4838736215382733,0.6618396925472859,0.1759760677231806,0.4194950151350796,0.4823177952237858,86.96,0.0920810313075559,0.0799999999999983
2025-02-19,0.6167447262917306,53378.0,0.2427147239263803,5216.0,0.4297297251090555,0.5834488172850463,0.1496930259749484,0.3869018298935124,0.3740300023653502,86.87,-0.1034958601655811,-0.0899999999999892
2025-02-20,0.6769426636568848,55375.0,0.2427147239263803,5216.0,0.4598286937916326,0.6395619811523163,0.1643039517234693,0.4053442385472739,0.4342279397305044,86.59,-0.3223207091055613,-0.2800000000000011
2025-02-21,0.6054073526344729,52743.0,0.2427147239263803,5216.0,0.4240610382804266,0.572766955951621,0.1469412784576768,0.3833292037631321,0.3626926287080925,86.63,0.0461947107056159,0.039999999999992
2025-02-24,0.7509678762228543,43239.0,0.2427147239263803,5216.0,0.4968413000746173,0.6962563202971829,0.1822709607550102,0.4269320329455384,0.5082531522964739,86.73,0.1154334526145772,0.1000000000000085
2025-02-25,0.6616483151049364,54128.0,0.2427147239263803,5216.0,0.4521815195156584,0.6248264356969533,0.1605917881370493,0.4007390524232064,0.418933591178556,87.19,0.5303816441830866,0.4599999999999937
2025-02-26,0.7365902203733257,55769.0,0.2427147239263803,5216.0,0.489652472149853,0.6943494301877511,0.1787812919847834,0.4228253681897331,0.4938754964469453,87.11,-0.0917536414726472,-0.0799999999999983
2025-02-27,0.7440492329646807,56060.0,0.2427147239263803,5216.0,0.4933819784455305,0.7013741105816307,0.1805917041666575,0.4249608266260051,0.5013345090383003,87.15,0.0459189530478854,0.0400000000000062
2025-02-28,0.6161762375191505,56787.0,0.2427147239263803,5216.0,0.4294454807227654,0.584758801993452,0.1495550453794563,0.386723474047615,0.3734615135927701,87.38,0.2639127940332608,0.2299999999999897
2025-03-03,0.7424536197517088,43014.0,0.2427147239263803,5216.0,0.4925841718390445,0.6884076301057434,0.1802044253461777,0.4245049179293189,0.4997388958253284,87.29,-0.1029983978026893,-0.0899999999999892
2025-03-04,0.74800896458987,55775.0,0.2427147239263803,5216.0,0.4953618442581252,0.7047957895427194,0.1815527893348879,0.4260901187951768,0.5052942406634896,87.14,-0.1718409898041062,-0.1500000000000056
2025-03-05,0.6878381769813783,59769.0,0.2427147239263803,5216.0,0.4652764504538793,0.6521104870354697,0.1669484532320599,0.4085932613639877,0.4451234530549979,87.05,-0.1032820748221308,-0.0900000000000034
2025-03-06,0.6799170760600676,57402.0,0.2427147239263803,5216.0,0.461315899993224,0.6434986745025392,0.165025885408751,0.4062337817178072,0.4372023521336872,87.08,0.0344629523262529,0.0300000000000011
2025-03-07,0.6313785239272504,52179.0,0.2427147239263803,5216.0,0.4370466239268153,0.5960571478351773,0.1532448641280481,0.3914650228667283,0.38866380000087,86.99,-0.1033532384014712,-0.0900000000000034
2025-03-10,0.5824968233799237,44072.0,0.2427147239263803,5216.0,0.412605773653152,0.5465387112481739,0.1413805556746517,0.3760060580291914,0.3397820994535433,87.31,0.3678583745258201,0.3200000000000074
2025-03-11,0.5445009676527509,54255.0,0.2427147239263803,5216.0,0.3936078457895656,0.5180323182727716,0.1321584020414844,0.3635359707669716,0.3017862437263705,87.2,-0.1259878593517394,-0.1099999999999994
2025-03-12,0.6565832055867825,58710.0,0.2427147239263803,5216.0,0.4496489647565814,0.62281387854707,0.1593624114786937,0.399202218779773,0.4138684816604021,87.2,0.0,0.0
2025-03-13,0.7002169737497332,56228.0,0.2427147239263803,5216.0,0.4714658488380568,0.6613794674825858,0.169952969472232,0.4122535257244406,0.4575022498233528,87.05,-0.1720183486238591,-0.1500000000000056
2025-03-14,0.5551722856877496,53835.0,0.2427147239263803,5216.0,0.398943504807065,0.5275727760749183,0.1347484880522797,0.367081037445793,0.3124575617613692,86.94,-0.1263641585295793,-0.1099999999999994
2025-03-17,0.4710675917636526,44680.0,0.2427147239263803,5216.0,0.3568911578450164,0.4471961680295013,0.1143350404855797,0.3381346484546944,0.2283528678372722,86.79,-0.1725327812284183,-0.1499999999999914
2025-03-18,0.4882277540404978,53830.0,0.2427147239263803,5216.0,0.3654712389834391,0.4665396470548385,0.1185000645351361,0.3442383832972961,0.2455130301141174,86.55,-0.2765295540961054,-0.2400000000000091
2025-03-19,0.4384681312530609,57172.0,0.2427147239263803,5216.0,0.3405914275897206,0.4221020067961787,0.1064226714276025,0.3262248786153542,0.1957534073266805,86.32,-0.2657423454650587,-0.2300000000000039
2025-03-20,0.4718420958062314,55654.0,0.2427147239263803,5216.0,0.3572784098663059,0.4522079842286841,0.1145230240204541,0.3384125057093106,0.229127371879851,86.36,0.0463392029657061,0.0400000000000062
2025-03-21,0.4817927119237646,54253.0,0.2427147239263803,5216.0,0.3622537179250725,0.4608232860818241,0.1169381850643186,0.3419622567832868,0.2390779879973842,86.03,-0.3821213524779931,-0.3299999999999983
2025-03-24,0.4877800317516316,45352.0,0.2427147239263803,5216.0,0.3652473778390059,0.4625019775352,0.1183913957433983,0.344080507648135,0.2450653078252512,85.57,-0.5346971986516458,-0.4600000000000079
2025-03-25,0.5637786552790037,55967.0,0.2427147239263803,5216.0,0.403246689602692,0.5364071719268424,0.1368373806716293,0.3699153696071972,0.3210639313526233,85.7,0.1519224027112464,0.1300000000000096
2025-03-26,0.4709697755682841,55518.0,0.2427147239263803,5216.0,0.3568422497473322,0.4513666150755754,0.1143112990547254,0.3380995401575184,0.2282550516419037,85.65,-0.0583430571761911,-0.0499999999999971
2025-03-27,0.488623180669727,56202.0,0.2427147239263803,5216.0,0.3656689522980537,0.4677390992868539,0.1185960404002826,0.3443777582833749,0.2459084567433466,85.73,0.0934033858727367,0.0799999999999983
2025-03-28,0.5198383800854542,53830.0,0.2427147239263803,5216.0,0.3812765520059173,0.4953578565863903,0.1261724289087778,0.3552075856577077,0.2771236561590738,85.53,-0.2332905633967152,-0.2000000000000028
2025-03-31,0.5870998461651161,40953.0,0.2427147239263803,5216.0,0.4149072850457482,0.548192510125842,0.1424977770791865,0.3774887774215102,0.3443851222387357,85.44,-0.1052262364082845,-0.0900000000000034
2025-04-01,0.5182740817808837,50941.0,0.2427147239263803,5216.0,0.380494402853632,0.4926794522499421,0.1257927506776454,0.3546727374321932,0.2755593578545033,85.63,0.2223782771535454,0.1899999999999977
2025-04-02,0.6231866244916403,55325.0,0.2427147239263803,5216.0,0.4329506742090103,0.5904065013792307,0.1512565695181013,0.3889171756532505,0.3804719005652599,85.49,-0.1634941025341563,-0.1400000000000005
2025-04-03,0.6724363909492066,53255.0,0.2427147239263803,5216.0,0.4575755574377935,0.6341023755365908,0.1632102129872882,0.403992837792068,0.4297216670228262,85.28,-0.2456427652356874,-0.2099999999999937
2025-04-04,0.58955229663496,51619.0,0.2427147239263803,5216.0,0.4161335102806702,0.5577214744435648,0.1430930229179178,0.3782763842984621,0.3468375727085796,85.4,0.1407129455909928,0.1200000000000045
2025-04-07,0.6325361922647206,42067.0,0.2427147239263803,5216.0,0.4376254580955505,0.5895332360467822,0.1535258472789755,0.3918237451699112,0.3898214683383402,85.77,0.4332552693208313,0.3699999999999903
2025-04-08,0.6482735898787558,53116.0,0.2427147239263803,5216.0,0.4454941569025681,0.6120088459164781,0.1573455453961857,0.3966680544185348,0.4055588659523754,86.22,0.5246589716684236,0.4500000000000028
2025-04-09,0.6230420105026256,53320.0,0.2427147239263803,5216.0,0.432878367214503,0.5891519748530818,0.1512214695736817,0.3888720478173788,0.3803272865762452,86.67,0.5219206680584509,0.4500000000000028
2025-04-10,0.64174591882582,53416.0,0.2427147239263803,5216.0,0.4422303213761002,0.6062474416700778,0.1557611835186902,0.3946659138039288,0.3990311948994396,86.16,-0.5884389061959205,-0.5100000000000051
2025-04-11,0.6402439257883552,52229.0,0.2427147239263803,5216.0,0.4414793248573678,0.6041483157803117,0.1553966276932626,0.3942037895470597,0.3975292018619748,86.09,-0.0812441968430777,-0.0699999999999931
2025-04-14,0.5333421438354519,41617.0,0.2427147239263803,5216.0,0.3880284338809161,0.5009736724104797,0.1294499911993255,0.3597915941198815,0.2906274199090715,85.99,-0.1161575095830036,-0.1000000000000085
2025-04-15,0.4608014069059415,52882.0,0.2427147239263803,5216.0,0.3517580654161609,0.4412217288030569,0.1118432862620632,0.3344297927249653,0.2180866829795611,85.89,-0.1162925921618707,-0.0999999999999943
2025-04-16,0.5432733183295824,55986.0,0.2427147239263803,5216.0,0.3929940211279814,0.5176579196758275,0.1318604334749331,0.3631259195856626,0.300558594403202,85.65,-0.2794271742926901,-0.2399999999999948
2025-04-17,0.4936479976993313,55636.0,0.2427147239263803,5216.0,0.3681813608128558,0.4721389600999145,0.1198156374784036,0.3461439548488513,0.2509332737729509,85.4,-0.2918855808523024,-0.25
2025-04-22,0.6503412906320334,54206.0,0.2427147239263803,5216.0,0.4465280072792069,0.6145602638753324,0.1578474068136798,0.3973001470093861,0.407626566705653,85.2,-0.2341920374707262,-0.2000000000000028
2025-04-23,0.5449204124004046,56353.0,0.2427147239263803,5216.0,0.3938175681633925,0.5193181633614319,0.1322602074576135,0.363675964916041,0.3022056884740242,85.4,0.2347417840375509,0.2000000000000028
2025-04-24,0.6394690265486727,54240.0,0.2427147239263803,5216.0,0.4410918752375265,0.6046622712594187,0.1552085482382322,0.3939651611985916,0.3967543026222923,85.34,-0.0702576112412201,-0.0600000000000022
2025-04-25,0.5600170424022378,53983.0,0.2427147239263803,5216.0,0.4013658831643091,0.5320596631699861,0.1359243818407272,0.3686792397745324,0.3173023184758574,85.43,0.1054605108975925,0.0900000000000034
2025-04-28,0.5407050432519698,41501.0,0.2427147239263803,5216.0,0.3917098835891751,0.5074341246227283,0.1312370752985034,0.3622665804328401,0.2979903193255894,85.02,-0.4799250848648184,-0.4100000000000108
2025-04-29,0.5383733753446238,50780.0,0.2427147239263803,5216.0,0.3905440496355021,0.5108329166369026,0.1306711451660839,0.3614846402906822,0.2956586514182434,85.13,0.1293813220418771,0.1099999999999994
2025-04-30,0.6880215567531529,53997.0,0.2427147239263803,5216.0,0.4653681403397666,0.6487950281188253,0.1669929622027399,0.4086477238438261,0.4453068328267725,84.53,-0.7048044167743406,-0.5999999999999943
2025-05-02,0.5492013543118901,50210.0,0.2427147239263803,5216.0,0.3959580391191352,0.5203586764334428,0.1332992550918046,0.3651017051340689,0.3064866303855097,84.3,-0.2720927481367652,-0.2300000000000039
2025-05-05,0.6171828367336955,40878.0,0.2427147239263803,5216.0,0.4299487803300379,0.5748080010413503,0.1497993618299191,0.3870392251825636,0.374468112807315,84.3,0.0,0.0
2025-05-06,0.5392476024586061,49947.0,0.2427147239263803,5216.0,0.3909811631924932,0.5112085999673694,0.1308833329587031,0.3617780161351752,0.2965328785322257,84.38,0.0948991696322565,0.0799999999999983
2025-05-07,0.557069311428247,52834.0,0.2427147239263803,5216.0,0.3998920176773137,0.5288234280792421,0.1352089241311657,0.367707661235343,0.3143545875018666,84.76,0.4503436833372953,0.3800000000000096
2025-05-08,0.5603648241943772,54492.0,0.2427147239263803,5216.0,0.4015397740603788,0.5326153949219535,0.1360087936023929,0.368793700600204,0.3176501002679968,85.5,0.8730533270410401,0.7399999999999949
2025-05-09,0.7427780049819682,53794.0,0.2427147239263803,5216.0,0.4927463644541743,0.698576512455516,0.180283158417786,0.4245976429724805,0.5000632810555878,85.39,-0.1286549707602335,-0.1099999999999994
2025-05-12,0.903984929385387,43263.0,0.2427147239263803,5216.0,0.5733498266558836,0.8328368984508756,0.2194104525693826,0.4684126947141619,0.6612702054590066,84.86,-0.6206815786391817,-0.5300000000000011
2025-05-13,0.7925371670654691,50986.0,0.2427147239263803,5216.0,0.5176259454959247,0.7415091989608911,0.1923604397056909,0.4385891468170307,0.5498224431390887,85.34,0.5656375206221975,0.480000000000004
2025-05-14,0.7204123440084197,53208.0,0.2427147239263803,5216.0,0.4815635339674,0.6777642749554977,0.1748546831891601,0.4181562903857362,0.4776976200820393,85.39,0.0585891727208798,0.0499999999999971
2025-05-15,0.6828179814051567,52165.0,0.2427147239263803,5216.0,0.4627663526657685,0.642812080653875,0.1657299778487209,0.4070994692316866,0.4401032574787763,85.52,0.1522426513643315,0.1299999999999954
2025-05-16,0.5790873419561111,48167.0,0.2427147239263803,5216.0,0.4109010329412457,0.5462207069666374,0.1405530243321389,0.3749040201600123,0.3363726180297307,85.6,0.093545369504211,0.0799999999999983
2025-05-19,0.7394866358749148,39621.0,0.2427147239263803,5216.0,0.4911006799006476,0.6816959207797132,0.1794842946736277,0.4236558682157343,0.4967719119485344,85.44,-0.1869158878504584,-0.1599999999999966
2025-05-20,0.6014343494130413,50685.0,0.2427147239263803,5216.0,0.4220745366697108,0.5679630060285147,0.1459769720776285,0.3820693288889184,0.3587196254866609,85.56,0.1404494382022614,0.1200000000000045
2025-05-21,0.5934302648993919,52133.0,0.2427147239263803,5216.0,0.4180724944128861,0.5615320232262113,0.1440342629146146,0.3795184618890294,0.3507155409730115,85.57,0.0116877045348129,0.0099999999999909
2025-05-22,0.2426055563700337,54568.0,0.2427147239263803,5216.0,0.242660140148207,0.2426150809581158,0.0588839406373586,0.2426601340091912,-0.0001091675563466,85.98,0.4791398854739004,0.4100000000000108
2025-05-23,0.3654530393278372,50702.0,0.2427147239263803,5216.0,0.3040838816271087,0.3540040773990486,0.0887008335485126,0.2978268516244172,0.1227383154014568,85.43,-0.6396836473598455,-0.5499999999999972
2025-05-26,0.4953565631016648,26489.0,0.2427147239263803,5216.0,0.3690356435140225,0.4537927771644851,0.1202303314583411,0.3467424569595439,0.2526418391752845,85.09,-0.3979866557415445,-0.3400000000000034
2025-05-27,0.4610722667709759,40904.0,0.2427147239263803,5216.0,0.3518934953486781,0.4363768430182133,0.1119090279394278,0.3345280674912462,0.2183575428445955,85.4,0.3643201316253508,0.3100000000000023
2025-05-28,0.4260111122759198,47695.0,0.2427147239263803,5216.0,0.3343629181011501,0.4079416378446824,0.1033991695056201,0.3215574124563451,0.1832963883495394,85.39,-0.011709601873544,-0.0100000000000051
2025-05-29,0.4904037390612569,50280.0,0.2339907192575405,1724.0,0.3621972291593987,0.4819033151296054,0.1147499236295307,0.3387475809943603,0.2564130198037163,85.47,0.0936877854549766,0.0799999999999983
2025-05-30,0.5637506001210679,47907.0,0.2339907192575405,1724.0,0.3988706596893042,0.5522959440672162,0.1319124084041988,0.3631974785212568,0.3297598808635273,85.56,0.105300105300099,0.0900000000000034
2025-06-02,0.213234899328859,40975.0,0.2339907192575405,1724.0,0.2236128092931998,0.2140729291084099,0.0498949874647689,0.2233718591603897,-0.0207558199286815,85.38,-0.2103786816269326,-0.1800000000000068
2025-06-03,0.3310908247596559,47432.0,0.2339907192575405,1724.0,0.2825407720085982,0.32768532834242,0.0774721802250842,0.2783382478659449,0.0971001055021153,85.62,0.2810962754743684,0.2400000000000091
2025-06-04,0.4506576460053725,50255.0,0.2339907192575405,1724.0,0.3423241826314565,0.4434714019123106,0.1054497067277072,0.3247302060599032,0.2166669267478319,85.89,0.3153468815697113,0.269999999999996
2025-06-05,0.4143976099737633,52217.0,0.2339907192575405,1724.0,0.3241941646156519,0.4086316531024638,0.0969651948163666,0.3113923486798715,0.1804068907162227,85.83,-0.0698567935731753,-0.0600000000000022
2025-06-06,0.3830149343490027,49885.0,0.2339907192575405,1724.0,0.3085028268032716,0.3780367765312252,0.0896219399747028,0.2993692368542613,0.1490242150914621,85.74,-0.1048584411045161,-0.0900000000000034
2025-06-09,-0.1065092576108242,44936.0,0.2339907192575405,1724.0,0.0637407308233581,-0.0939284183454778,-0.0249221777959434,-0.1578675957755214,-0.3404999768683648,85.66,-0.0933053417308094,-0.0799999999999983
2025-06-10,-0.0021841045722795,54393.0,0.2339907192575405,1724.0,0.1159033073426305,0.0050715469465581,-0.0005110601998013,-0.022606640612912,-0.23617482382982,85.58,-0.0933924819052078,-0.0799999999999983
2025-06-11,-0.0304833025675448,59590.0,0.2339907192575405,1724.0,0.1017537083449978,-0.0230469387089407,-0.007132809893125,-0.0844559642247073,-0.2644740218250854,85.54,-0.0467398924982376,-0.039999999999992
2025-06-12,0.0541013950588418,51324.0,0.2339907192575405,1724.0,0.1440460571581912,0.0599475946312772,0.0126592243426547,0.1125132185241127,-0.1798893241986988,85.54,0.0,0.0
2025-06-13,0.0402794471153846,53248.0,0.2339907192575405,1724.0,0.1371350831864626,0.0463545077493996,0.0094250168018249,0.0970825257285002,-0.193711272142156,86.09,0.6429740472293721,0.5499999999999972
2025-06-16,-0.7685800604229608,331.0,0.2339907192575405,1724.0,-0.2672946705827101,0.0725060827250608,-0.1798406011453726,-0.4240761737534574,-1.0025707796805017,86.04,-0.0580787547914907,-0.0499999999999971
2025-06-17,-0.0142857142857142,420.0,0.2339907192575405,1724.0,0.1098525024859131,0.1853544776119403,-0.0033427245608219,-0.0578163001308626,-0.2482764335432548,86.26,0.2556950255695023,0.2199999999999988
2025-06-18,-0.1991202346041055,341.0,0.2339907192575405,1724.0,0.0174352423267175,0.1624697336561743,-0.0465922869137448,-0.2158524656188686,-0.4331109538616461,86.43,0.1970785995826673,0.1700000000000017
2025-06-19,1.1426666666666667,150.0,0.2339907192575405,1724.0,0.6883286929621036,0.3067235859124866,0.2673733952049497,0.5170816136790688,0.9086759474091262,86.74,0.3586717574916021,0.309999999999988
2025-06-20,0.5769230769230769,117.0,0.2339907192575405,1724.0,0.4054568980903087,0.2557848995111352,0.1349946457255041,0.3674161751005311,0.3429323576655363,86.62,-0.1383444777495857,-0.1199999999999903
2025-06-23,-0.0867507886435331,317.0,0.2339907192575405,1724.0,0.0736199653070037,0.1841744243018128,-0.0202988794308591,-0.1424741360067124,-0.3207415079010737,86.77,0.1731701685522946,0.1499999999999914
2025-06-24,-0.107719298245614,285.0,0.2339907192575405,1724.0,0.0631357105059632,0.185515181682429,-0.0252053160744087,-0.1587618218414262,-0.3417100175031546,86.03,-0.8528293188890146,-0.7399999999999949
2025-06-25,1.5927760577915375,969.0,0.2339907192575405,1724.0,0.913383388524539,0.722911251392499,0.3726948153788319,0.6104873589017482,1.358785338533997,86.1,0.0813669650121973,0.0699999999999931
2025-06-26,1.585273492286115,713.0,0.2339907192575405,1724.0,0.9096321057718276,0.6293393516618793,0.3709392846799412,0.609047850895101,1.3512827730285744,85.75,-0.406504065040647,-0.3499999999999943
2025-06-27,1.7723684210526314,456.0,0.2339907192575405,1724.0,1.003179570155086,0.5557798165137614,0.4147177616314567,0.6439858396202953,1.5383777017950908,85.51,-0.2798833819241952,-0.2399999999999948
2025-06-30,0.4591803278688524,610.0,0.2339907192575405,1724.0,0.3465855235631965,0.2928449014567266,0.107443935186946,0.3277864170263101,0.2251896086113118,85.8,0.3391416208630371,0.289999999999992
2025-07-01,0.4585912486659552,937.0,0.2339907192575405,1724.0,0.3462909839617479,0.3130777903043968,0.1073060961205605,0.3275760921077124,0.2246005294084146,85.56,-0.2797202797202747,-0.2399999999999948
2025-07-02,0.5991624933404369,46925.0,0.2339907192575405,1724.0,0.4165766062989887,0.5862217106209789,0.1401984627688702,0.3744308517855736,0.3651717740828963,85.67,0.1285647498831199,0.1099999999999994
2025-07-03,0.6092189749776239,51394.0,0.2339907192575405,1724.0,0.4216048471175822,0.5970405512255733,0.1425515861403558,0.3775600430929574,0.3752282557200833,85.38,-0.3385082292517882,-0.2900000000000062
2025-07-04,0.6059962370136067,36673.0,0.2339907192575405,1724.0,0.4199934781355736,0.5892934343828945,0.1417974953661768,0.3765600820137164,0.3720055177560661,85.41,0.035137034434296,0.0300000000000011
2025-07-07,0.6626905516329433,40081.0,0.2339907192575405,1724.0,0.4483406354452419,0.6450113622772397,0.1550634388217687,0.3937809528427813,0.4286998323754027,85.93,0.6088280060883022,0.5200000000000102
2025-07-08,0.6570493827160494,48600.0,0.2339907192575405,1724.0,0.445520050986795,0.6425562355933552,0.1537434576494514,0.392101335944487,0.4230586634585088,85.67,-0.302571860816947,-0.2600000000000051
2025-07-09,0.7128252563844762,49730.0,0.2339907192575405,1724.0,0.4734079878210084,0.6967815913242897,0.1667944944463443,0.4084048168745618,0.4788345371269357,85.72,0.0583634878020378,0.0499999999999971
2025-07-10,0.6692983688128248,49841.0,0.2339907192575405,1724.0,0.4516445440351826,0.6547444972364976,0.1566096067164115,0.3957393166169006,0.4353076495552842,85.76,0.0466635557629491,0.0400000000000062
2025-07-11,0.5916228844356765,48155.0,0.2339907192575405,1724.0,0.4128068018466085,0.5792618135888851,0.1384342642583247,0.3720675533533188,0.3576321651781359,85.83,0.0816231343283568,0.0699999999999931
2025-07-14,0.7414084716006033,40441.0,0.2339907192575405,1724.0,0.4876995954290719,0.7206616862326575,0.173482701533459,0.416512546669916,0.5074177523430627,86.01,0.2097168822090322,0.1800000000000068
2025-07-15,0.6776127733370543,50167.0,0.2339907192575405,1724.0,0.4558017462972974,0.6628741014819527,0.1585551002112341,0.3981897791395883,0.4436220540795137,85.86,-0.1743983257760817,-0.1500000000000056
2025-07-16,0.6657872623165465,51171.0,0.2339907192575405,1724.0,0.4498889907870435,0.6517137725682957,0.1557880403819575,0.394699937144608,0.4317965430590059,85.99,0.151409270906111,0.1299999999999954
2025-07-17,0.5807350525461634,50527.0,0.2339907192575405,1724.0,0.407362885901852,0.5692943675719125,0.1358866126433424,0.3686280139155764,0.3467443332886228,86.08,0.104663332945698,0.0900000000000034
2025-07-18,0.5284209012857906,48686.0,0.2339907192575405,1724.0,0.3812058102716655,0.5183515175560405,0.1236455867625799,0.3516327441558592,0.29443018202825,86.14,0.0697026022304925,0.0600000000000022
2025-07-21,0.3813794661912772,39827.0,0.2339907192575405,1724.0,0.3076850927244089,0.3752641332338571,0.0892392556041538,0.2987294019746865,0.1473887469337366,86.29,0.1741351288599979,0.1500000000000056
2025-07-22,0.5089884696016772,49608.0,0.2339907192575405,1724.0,0.3714895944296089,0.4997525909763891,0.1190985780958912,0.3451066184469537,0.2749977503441366,86.43,0.1622435971723179,0.1400000000000005
2025-07-23,0.5474445627965527,51635.0,0.2339907192575405,1724.0,0.3907176410270466,0.5373170411739351,0.1280969470023952,0.3579063383098925,0.3134538435390122,86.42,-0.0115700566932885,-0.0100000000000051
2025-07-24,0.5624937883054497,48296.0,0.2339907192575405,1724.0,0.3982422537814951,0.551171531387445,0.1316183261034909,0.3627924008348175,0.3285030690479091,86.39,-0.034714186530893,-0.0300000000000011
2025-07-25,0.6699581571721223,45886.0,0.2339907192575405,1724.0,0.4519744382148314,0.6541713925645873,0.1567639910691613,0.3959343267123492,0.4359674379145817,86.51,0.1389049658525376,0.1200000000000045
2025-07-28,0.703826572063045,36926.0,0.2339907192575405,1724.0,0.4689086456602928,0.6828693402328591,0.1646888858296011,0.4058187844711,0.4698358528055044,86.7,0.2196277886949538,0.1899999999999977
2025-07-29,0.5152359130647566,44953.0,0.2339907192575405,1724.0,0.3746133161611485,0.5048482121815884,0.120560421885338,0.3472181186017487,0.281245193807216,86.85,0.1730103806228289,0.1499999999999914
2025-07-30,0.5476685563667553,47803.0,0.2339907192575405,1724.0,0.3908296378121479,0.5367496517051306,0.1281493594189959,0.3579795516771816,0.3136778371092147,87.49,0.7369027058146127,0.6400000000000006
2025-07-31,0.6177649958915366,48680.0,0.2339907192575405,1724.0,0.4258778575745385,0.6046385207523213,0.1445512757207922,0.3801989948971357,0.383774276633996,87.63,0.1600182878043199,0.1400000000000005
2025-08-01,0.5322558265989162,53333.0,0.2339907192575405,1724.0,0.3831232729282284,0.5229162504313711,0.1245429236948972,0.3529063950892604,0.2982651073413757,87.5,-0.148351021339721,-0.1299999999999954
2025-08-04,0.5206430467522617,36918.0,0.2339907192575405,1724.0,0.3773168830049011,0.5078541483360075,0.121825640985999,0.3490353004869264,0.2866523274947211,87.65,0.1714285714285779,0.1500000000000056
2025-08-05,0.5360314940358706,46612.0,0.2339907192575405,1724.0,0.3850111066467055,0.5252586064217147,0.1254263948341474,0.3541558905823076,0.30204077477833,87.78,0.1483171705647379,0.1299999999999954
2025-08-06,0.4846993133927866,50684.0,0.2339907192575405,1724.0,0.3593450163251636,0.4764520683865058,0.1134151409644142,0.3367716451312583,0.250708594135246,87.72,-0.0683526999316508,-0.0600000000000022
2025-08-07,0.5622316003360491,51183.0,0.2339907192575405,1724.0,0.3981111597967948,0.5515357136106754,0.1315569765519502,0.3627078391101441,0.3282408810785086,87.49,-0.2621979024167831,-0.2300000000000039
2025-08-08,0.5349767274615953,50059.0,0.2339907192575405,1724.0,0.3844837233595679,0.5249560666628044,0.1251795892447839,0.3538072769811044,0.3009860082040547,87.62,0.1485884101040335,0.1300000000000096
2025-08-11,0.5157492467112516,40821.0,0.2339907192575405,1724.0,0.374869982984396,0.5043318838876484,0.1206805371945005,0.3473910436302302,0.281758527453711,87.74,0.1369550330974522,0.1199999999999903
2025-08-12,0.421225059528697,48716.0,0.2339907192575405,1724.0,0.3276078893931188,0.4148255352894529,0.0985627546484201,0.3139470570787695,0.1872343402711564,87.7,-0.0455892409391256,-0.039999999999992
2025-08-13,0.6045833656606409,51556.0,0.2339907192575405,1724.0,0.4192870424590907,0.592591966966967,0.141466896582078,0.3761208536921052,0.3705926464031003,87.45,-0.2850627137970352,-0.25
2025-08-14,0.5507208464132077,51606.0,0.2339907192575405,1724.0,0.3923557828353741,0.54048190511907,0.128863566962348,0.3589757191821586,0.3167301271556672,87.57,0.1372212692967389,0.1199999999999903
2025-08-15,0.7102067285018079,50888.0,0.2339907192575405,1724.0,0.4720987238796742,0.694601991941002,0.1661817832236828,0.4076539993961581,0.4762160092442673,87.46,-0.1256137946785473,-0.1099999999999994
2025-08-18,0.8329437266235974,47056.0,0.2339907192575405,1724.0,0.533467222940569,0.8117753177531776,0.1949011016937118,0.4414760488335826,0.5989530073660568,87.38,-0.0914703864623778,-0.0799999999999983
2025-08-19,0.7672874433244651,53374.0,0.2339907192575405,1724.0,0.5006390812910029,0.7506007477585394,0.1795381407407709,0.423719412749488,0.5332967240669245,87.09,-0.3318837262531349,-0.289999999999992
2025-08-20,0.5550625623704614,52108.0,0.2339907192575405,1724.0,0.3945266408140009,0.544780056471987,0.1298794882019977,0.360387969002848,0.3210718431129208,87.06,-0.0344471236651711,-0.0300000000000011
2025-08-21,0.4831337673409284,51612.0,0.2339907192575405,1724.0,0.3585622432992345,0.4750806209689515,0.1130488177177091,0.336227330414571,0.2491430480833878,87.27,0.2412129565816601,0.2099999999999937
2025-08-22,0.4970566053119712,49059.0,0.2339907192575405,1724.0,0.3655236622847559,0.4881259476596498,0.1163066325886596,0.3410375823698315,0.2630658860544306,87.53,0.2979259768534525,0.2600000000000051
2025-08-25,0.415611207537813,40330.0,0.2339907192575405,1724.0,0.3248009633976768,0.4081656917296808,0.0972491653832678,0.3118479844143101,0.1816204882802724,87.56,0.0342739632126054,0.0300000000000011
2025-08-26,0.4645207772668517,47191.0,0.2339907192575405,1724.0,0.3492557482621961,0.4563957886128999,0.1086935507827424,0.3296870497649891,0.2305300580093111,87.62,0.0685244403837437,0.0600000000000022
2025-08-27,0.368112344617309,51164.0,0.2339907192575405,1724.0,0.3010515319374248,0.3637403569807896,0.0861348722845837,0.2934874312207999,0.1341216253597684,87.76,0.159780871947035,0.1400000000000005
2025-08-28,0.2841422943311273,51527.0,0.2339907192575405,1724.0,0.2590665067943339,0.2825186381476403,0.0664866598220282,0.2578500723715785,0.0501515750735867,87.57,-0.2164995442115014,-0.1900000000000119
2025-08-29,0.3133422636133613,47031.0,0.2339907192575405,1724.0,0.2736664914354509,0.3105363552456157,0.0733191816366763,0.2707751495921963,0.0793515443558207,88.18,0.6965855886719385,0.6100000000000136
2025-09-01,0.4719296196815757,25689.0,0.2339907192575405,1724.0,0.3529601694695581,0.4569656732207346,0.1104271511482294,0.3323058096817289,0.2379389004240351,88.19,0.0113404400090555,0.0099999999999909
2025-09-02,0.3319032165696287,41908.0,0.2339907192575405,1724.0,0.2829469679135846,0.328034470113678,0.0776622723690186,0.2786795155174105,0.097912497312088,88.08,-0.1247306950901472,-0.1099999999999994
2025-09-03,0.3817618307458941,53399.0,0.2339907192575405,1724.0,0.3078762750017173,0.3771402137038985,0.0893287253613072,0.2988791149634033,0.1477711114883535,88.03,-0.0567665758401392,-0.0499999999999971
2025-09-04,0.4666778361070777,53718.0,0.2339907192575405,1724.0,0.3503342776823091,0.4594423000613253,0.1091982825322477,0.330451634180023,0.2326871168495371,88.12,0.1022378734522266,0.0900000000000034
2025-09-05,0.3798929407828705,47824.0,0.2339907192575405,1724.0,0.3069418300202055,0.3748163397109874,0.0888914224546461,0.2981466458886401,0.1459022215253299,88.24,0.1361779391738427,0.1199999999999903
2025-09-08,0.2692934249263984,40760.0,0.2339907192575405,1724.0,0.2516420720919695,0.2678608417286507,0.0630121621898544,0.2510222344531545,0.0353027056688578,88.04,-0.2266545784224694,-0.1999999999999886
2025-09-09,0.3407294894384025,49377.0,0.2339907192575405,1724.0,0.2873601043479715,0.3371284319289251,0.0797275383059463,0.2823606528997027,0.1067387701808618,88.17,0.1476601544752265,0.1299999999999954
2025-09-10,0.0561442092447865,50926.0,0.2339907192575405,1724.0,0.1450674642511635,0.0619677113010445,0.0131372239033334,0.1146177294458996,-0.1778465100127541,88.12,-0.0567086310536479,-0.0499999999999971
2025-09-11,-0.243227585244128,57306.0,0.2339907192575405,1724.0,-0.0046184329932937,-0.2292901914280873,-0.0569129976145482,-0.2385644516992175,-0.4772183045016686,88.43,0.3517930095324528,0.3100000000000023
2025-09-12,-0.0261530538282531,52426.0,0.2339907192575405,1724.0,0.1039188327146437,-0.0178707294552169,-0.0061195718760541,-0.0782276925139308,-0.2601437730857937,88.27,-0.1809340721474761,-0.1600000000000108
2025-09-15,0.2264728874991116,42213.0,0.2339907192575405,1724.0,0.2302318033783261,0.2267678721806222,0.0529925538382492,0.2302011160664717,-0.0075178317584289,88.14,-0.1472754050073632,-0.1299999999999954
2025-09-16,0.1712685910840971,51167.0,0.2339907192575405,1724.0,0.2026296551708188,0.1733130400257131,0.0400752608139934,0.2001880636151753,-0.0627221281734435,88.05,-0.1021102791014305,-0.0900000000000034
2025-09-17,0.2610694855859519,51651.0,0.2339907192575405,1724.0,0.2475301024217462,0.2601948477751756,0.061087836708453,0.2471595369563007,0.0270787663284113,87.85,-0.2271436683702443,-0.2000000000000028
2025-09-18,0.2482136616053745,51502.0,0.2339907192575405,1724.0,0.2411021904314575,0.2477529778679592,0.0580796932085893,0.2409972887992505,0.0142229423478339,88.11,0.2959590210586338,0.2600000000000051
2025-09-19,0.3133809445854137,48868.0,0.2339907192575405,1724.0,0.2736858319214771,0.3106756008855154,0.0733282326251484,0.2707918621841292,0.0793902253278731,88.16,0.0567472477584818,0.0499999999999971
2025-09-22,0.4774147494558476,42727.0,0.2339907192575405,1724.0,0.3557027343566941,0.4679737238757284,0.1117106206093323,0.3342313878278524,0.243424030198307,88.28,0.1361161524501053,0.1200000000000045
2025-09-23,0.6490264406512708,50793.0,0.2339907192575405,1724.0,0.4415085799544057,0.6354018698707086,0.1518661636651523,0.3897000945151955,0.4150357213937302,88.77,0.5550521069324743,0.4899999999999949
2025-09-24,0.5800698005420266,51289.0,0.2339907192575405,1724.0,0.4070302598997836,0.5688151962726125,0.1357309498484069,0.3684168153714036,0.346079081284486,88.7,-0.0788554691900311,-0.0699999999999931
2025-09-25,0.5498172373989996,51980.0,0.2339907192575405,1724.0,0.39190397832827,0.5396786086697453,0.1286521308391858,0.358681099082717,0.315826518141459,88.69,-0.0112739571589637,-0.0100000000000051
2025-09-26,0.5150970436491689,48844.0,0.2339907192575405,1724.0,0.3745438814533547,0.505513368137953,0.1205279277309018,0.3471713233130032,0.2811063243916283,88.72,0.0338256849701235,0.0300000000000011
2025-09-29,0.2904932882756031,42612.0,0.2339907192575405,1724.0,0.2622420037665718,0.2882961927102129,0.0679727334630964,0.2607158097682157,0.0565025690180625,88.75,0.0338142470694302,0.0300000000000011
2025-09-30,0.5332937121122072,50478.0,0.2339907192575405,1724.0,0.3836422156848739,0.5234090647867897,0.1247857792726591,0.3532503068259943,0.2993029928546666,88.79,0.0450704225352094,0.0400000000000062
2025-10-01,0.6521562277861149,50644.0,0.2339907192575405,1724.0,0.4430734735218277,0.6383898564008555,0.1525985048079575,0.3906385859179268,0.4181655085285743,88.72,-0.0788377069489865,-0.0700000000000073
2025-10-02,0.6486090528009485,47234.0,0.2339907192575405,1724.0,0.4412998860292445,0.634008742187181,0.151768498781846,0.3895747666133499,0.4146183335434079,88.72,0.0,0.0
2025-10-03,0.5130796592306341,45544.0,0.2339907192575405,1724.0,0.3735351892440873,0.502900482355928,0.1200558784997899,0.3464908057940209,0.2790889399730936,88.78,0.0676284941388605,0.0600000000000022
2025-10-06,0.2863563402889245,40495.0,0.2339907192575405,1724.0,0.2601735297732325,0.2842180061109925,0.0670047260281624,0.2588527110697558,0.0523656210313839,88.78,0.0,0.0
2025-10-07,0.424906668929238,47144.0,0.2339907192575405,1724.0,0.3294486940933893,0.4181714005074895,0.099424217080078,0.3153160590266187,0.1909159496716974,88.75,-0.0337913944582157,-0.0300000000000011
2025-10-08,0.3995624478498891,49137.0,0.2339907192575405,1724.0,0.3167765835537148,0.393950177935943,0.0934939045606991,0.3057677297569171,0.1655717285923485,88.76,0.0112676056338134,0.0100000000000051
2025-10-09,0.4599280386489054,49471.0,0.2339907192575405,1724.0,0.346959378953223,0.4523195624572712,0.1076188925701673,0.3280531855814957,0.2259373193913648,88.8,0.0450653447498838,0.039999999999992
2025-10-10,0.4512300187934202,47357.0,0.2339907192575405,1724.0,0.3426103690254803,0.4435993561663373,0.1055836366480659,0.3249363578426796,0.2172392995358796,88.71,-0.101351351351353,-0.0900000000000034
2025-10-13,0.769427399889493,34387.0,0.2339907192575405,1724.0,0.5017090595735169,0.743864750353078,0.1800388707166018,0.4243098758179001,0.5354366806319525,88.69,-0.022545372562277,-0.019999999999996
2025-10-14,0.6438013832702597,45978.0,0.2339907192575405,1724.0,0.4388960512639001,0.6289903987254204,0.1506435487304076,0.3881282632460662,0.4098106640127191,88.79,0.1127522832337524,0.1000000000000085
2025-10-15,0.5100116963864322,48733.0,0.2339907192575405,1724.0,0.3720012078219863,0.5005806924708167,0.1193380036672196,0.3454533306645337,0.2760209771288916,88.06,-0.8221646581822339,-0.730000000000004
2025-10-16,0.5558857207215663,53273.0,0.2339907192575405,1724.0,0.3949382199895534,0.5457952251941015,0.1300720996166356,0.3606550978658636,0.3218950014640257,87.93,-0.1476266182148466,-0.1299999999999954
2025-10-17,0.5677872697456238,52442.0,0.2339907192575405,1724.0,0.4008889945015821,0.5571631650851088,0.1328569516330537,0.3644954754630758,0.3337965504880832,88.0,0.0796087797111155,0.0699999999999931
2025-10-20,0.5129231473010064,39348.0,0.2339907192575405,1724.0,0.3734569332792735,0.5012149396182314,0.1200192561608039,0.3464379542729173,0.2789324280434658,87.9,-0.1136363636363602,-0.0999999999999943
2025-10-21,0.4611213199358799,51154.0,0.2339907192575405,1724.0,0.3475560195967102,0.4537161012141155,0.107898109316783,0.3284784761849443,0.2271306006783393,87.97,0.0796359499431131,0.0699999999999931
2025-10-22,0.5683418756602371,51118.0,0.2339907192575405,1724.0,0.4011662974588888,0.5574334809431891,0.1329867242699186,0.3646734488140294,0.3343511564026965,88.42,0.5115380243264855,0.4500000000000028
2025-10-23,0.5397799440208474,51805.0,0.2339907192575405,1724.0,0.386885331639194,0.5299314390330475,0.126303497342233,0.3553920333128376,0.3057892247633068,87.82,-0.678579506898902,-0.6000000000000085
2025-10-24,0.568338364979741,50348.0,0.2339907192575405,1724.0,0.4011645421186408,0.5572687816868951,0.1329859028032642,0.3646723225078429,0.3343476457222004,87.81,-0.0113869278068667,-0.0099999999999909
2025-10-27,0.7037371268074482,38452.0,0.2339907192575405,1724.0,0.4688639230324943,0.6835797491039426,0.1646679564699098,0.4057929970685914,0.4697464075499076,88.25,0.5010818813346862,0.4399999999999977
2025-10-28,0.6575195292477396,48773.0,0.2339907192575405,1724.0,0.4457551242526401,0.6430599837614117,0.1538534675745581,0.3922415933765287,0.423528809990199,88.31,0.0679886685552411,0.0600000000000022
2025-10-29,0.7736534330495664,50276.0,0.2339907192575405,1724.0,0.5038220761535535,0.7557615384615385,0.1810277232553335,0.4254735282662525,0.5396627137920258,88.23,-0.0905899671611365,-0.0799999999999983
2025-10-30,0.8374617092969827,52232.0,0.2339907192575405,1724.0,0.5357262142772616,0.8181796278449107,0.1959582677090503,0.4426717380961318,0.6034709900394422,88.72,0.5553666553326453,0.4899999999999949
2025-10-31,0.7694256139638725,49270.0,0.2339907192575405,1724.0,0.5017081666107066,0.7513236851394282,0.1800384528265813,0.4243093833826696,0.535434894706332,88.72,0.0,0.0
2025-11-03,0.7116580753914934,40933.0,0.2339907192575405,1724.0,0.472824397324517,0.6923529549663596,0.1665213849262926,0.4080703186048853,0.4776673561339528,88.77,0.056357078449043,0.0499999999999971
2025-11-04,0.6983995221224356,48548.0,0.2339907192575405,1724.0,0.4661951206899881,0.6824733450031828,0.1634190065105513,0.4042511676056747,0.464408802864895,88.71,-0.0675904021628981,-0.0600000000000022
2025-11-05,0.8150718304684932,51719.0,0.2339907192575405,1724.0,0.5245312748630169,0.7963269277548042,0.1907192438578829,0.4367141443299986,0.5810811112109526,88.64,-0.0789088039679808,-0.0699999999999931
2025-11-06,0.6995741261550824,49780.0,0.2339907192575405,1724.0,0.4667824227063115,0.6839895930413172,0.1636938529529931,0.4045909699350606,0.4655834068975418,88.57,-0.0789711191335862,-0.0700000000000073
2025-11-07,0.8687585929733275,47277.0,0.2339907192575405,1724.0,0.551374656115434,0.8464255831513644,0.2032814480309978,0.4508674395329494,0.6347678737157869,88.68,0.124195551541173,0.1100000000000136
2025-11-10,0.8672263038079471,38656.0,0.2339907192575405,1724.0,0.5506085115327438,0.8401906884596335,0.2029229065870799,0.4504696511276647,0.6332355845504065,88.68,0.0,0.0
2025-11-11,0.744368180218233,45456.0,0.2339907192575405,1724.0,0.4891794497378868,0.7257185247986435,0.1741752458816909,0.41734307935042,0.5103774609606925,88.49,-0.2142534957149444,-0.1900000000000119
2025-11-12,0.7644107273574233,45081.0,0.2339907192575405,1724.0,0.4992007233074819,0.7448734109603675,0.1788650159025432,0.4229243619165763,0.5304200080998828,88.61,0.1356085433382281,0.1200000000000045
2025-11-13,0.7270938077435435,46542.0,0.2339907192575405,1724.0,0.480542263500542,0.709480793933618,0.1701332030416156,0.4124720633468595,0.4931030884860029,88.69,0.0902832637399875,0.0799999999999983
2025-11-14,0.6123200677392041,44878.0,0.2339907192575405,1724.0,0.4231553934983723,0.5983241062615339,0.1432772130661223,0.3785197657535499,0.3783293484816635,88.68,-0.0112752283233596,-0.0099999999999909
2025-11-17,0.6666982203710715,36974.0,0.2339907192575405,1724.0,0.450344469814306,0.6474210553516978,0.1560011961123493,0.394969867347307,0.4327075011135309,88.61,-0.0789354984212953,-0.0700000000000073
2025-11-18,0.6568655211618079,46617.0,0.2339907192575405,1724.0,0.4454281202096742,0.641784406611365,0.1537004357521306,0.3920464714190534,0.4228748019042673,88.56,-0.0564270398374922,-0.0499999999999971
2025-11-19,0.6861146069301116,47676.0,0.2339907192575405,1724.0,0.4600526630938261,0.6703360323886639,0.1605444503686815,0.4006799849863748,0.452123887672571,88.5,-0.0677506775067726,-0.0600000000000022
2025-11-20,0.6345009185548072,48990.0,0.2339907192575405,1724.0,0.4342458189061738,0.6208857514690225,0.1484673263022095,0.3853145809623735,0.4005101992972666,88.71,0.2372881355932055,0.2099999999999937
2025-11-21,0.5980237904416418,47414.0,0.2339907192575405,1724.0,0.4160072548495911,0.585251739997558,0.1399320168585605,0.3740748813520636,0.3640330711841012,89.64,1.0483598241461056,0.9300000000000068
2025-11-24,0.5633568953568954,36075.0,0.2339907192575405,1724.0,0.3986738073072179,0.5483346120267732,0.1318202851432549,0.3630706338210995,0.3293661760993548,89.15,-0.5466309683177073,-0.4899999999999949
2025-11-25,0.5738770353733857,42744.0,0.2339907192575405,1724.0,0.4039338773154631,0.560699829090582,0.1342819002724035,0.3664449484880417,0.3398863161158452,89.2,0.0560852495793628,0.0499999999999971
2025-11-26,0.5731583880037489,42680.0,0.2339907192575405,1724.0,0.4035745536306447,0.5599900909827944,0.1341137434574897,0.3662154331230317,0.3391676687462083,89.2,0.0,0.0
2025-11-27,0.1577413414547772,28238.0,0.2339907192575405,1724.0,0.1958660303561589,0.1621286963487083,0.0369100099436526,0.1921197801988452,-0.0762493778027633,89.4,0.224215246636783,0.2000000000000028
2025-11-28,0.2963073160790707,24535.0,0.2339907192575405,1724.0,0.2651490176683056,0.292216002132602,0.0693331620106131,0.2633119101191838,0.06231659682153,89.48,0.0894854586129811,0.0799999999999983
2025-12-01,0.4150056998860023,33334.0,0.6900699912510936,6858.0,0.5525378455685479,0.4619401871019108,0.2863829796894875,0.5351476242024135,-0.2750642913650913,89.54,0.0670540902995009,0.0600000000000022
2025-12-02,0.4753587545665099,41881.0,0.6234191382204812,7148.0,0.5493889463934956,0.4969446654021089,0.2963477451174148,0.5443783106603485,-0.1480603836539713,89.95,0.4578959124413639,0.4099999999999966
2025-12-03,0.540795310166507,44863.0,0.8550539501426269,8063.0,0.697924630154567,0.5886709745682651,0.4624091661764788,0.6800067398022456,-0.3142586399761199,90.17,0.2445803224013332,0.2199999999999988
2025-12-04,0.4869530519643386,43857.0,0.9794816414686826,1389.0,0.7332173467165106,0.5020731114352649,0.476961574656215,0.690624047261761,-0.4925285895043439,89.87,-0.3327048907618923,-0.2999999999999971
2025-12-05,0.4989227223098386,41215.0,0.7327323162274618,1442.0,0.6158275192686502,0.5068265466394729,0.3655768019365987,0.6046294749155046,-0.2338095939176232,89.94,0.077890285968607,0.0699999999999931
2025-12-08,0.6101774179405489,34213.0,0.7353645266594123,919.0,0.6727709722999806,0.6134521234202436,0.4487028281221141,0.6698528406464469,-0.1251871087188634,90.04,0.1111852346008523,0.1000000000000085
2025-12-09,0.5357991360691146,42596.0,0.7353645266594123,919.0,0.6355818313642634,0.5400137883488453,0.3940076780799865,0.6277003091284777,-0.1995653905902977,89.84,-0.2221235006663713,-0.2000000000000028
2025-12-10,0.5259507624471799,43544.0,0.7353645266594123,919.0,0.6306576445532961,0.5302791084722128,0.3867655334731274,0.6219047623817713,-0.2094137642122324,89.91,0.0779162956366708,0.0699999999999931
2025-12-11,0.4769944176322754,44963.0,0.7353645266594123,919.0,0.6061794721458439,0.4821694782267555,0.3507647741413402,0.592253977733658,-0.2583701090271369,90.32,0.4560115671226716,0.4099999999999966
2025-12-12,0.538791736616303,42888.0,0.7353645266594123,919.0,0.6370781316378576,0.5429155157851485,0.3962083303648503,0.6294508164780235,-0.1965727900431093,90.53,0.232506643046948,0.2100000000000079
2025-12-15,0.1593229319988225,33970.0,0.7353645266594123,919.0,0.4473437293291174,0.1744962595660523,0.1171604324753038,0.3422870615073024,-0.5760415946605898,90.74,0.2319673036562441,0.2099999999999937
2025-12-16,0.2788670070508144,41130.0,0.7353645266594123,919.0,0.5071157668551134,0.2888439677519084,0.2050689046408491,0.4528453429603192,-0.4564975196085979,90.92,0.1983689662772736,0.1800000000000068
2025-12-17,0.3330139530669566,44148.0,0.7353645266594123,919.0,0.5341892398631845,0.3412186300397186,0.2448866479680622,0.4948602307400164,-0.4023505735924557,90.37,-0.6049274087109535,-0.5499999999999972
2025-12-18,0.4659326599326599,44550.0,0.7353645266594123,919.0,0.6006485932960361,0.4713783017000593,0.3426303499265414,0.5853463503999503,-0.2694318667267524,90.26,-0.1217218103352846,-0.1099999999999994
2025-12-19,0.2643085379751078,44753.0,0.7353645266594123,919.0,0.49983653231726,0.2737870029777544,0.1943631229201064,0.4408663322596844,-0.4710559886843045,89.69,-0.6315089740749014,-0.5700000000000074
2025-12-22,0.4575380662948806,31918.0,0.7353645266594123,919.0,0.5964512964771465,0.4653135182872978,0.3364572635495976,0.5800493630283526,-0.2778264603645317,89.65,-0.0445980599843798,-0.039999999999992
2025-12-23,0.4835265246449457,38304.0,0.7353645266594123,919.0,0.609445525652179,0.4894271218417765,0.3555682539228011,0.596295441809512,-0.2518380020144666,89.56,-0.1003904071388728,-0.0900000000000034
2025-12-24,0.3170820272493095,32221.0,0.7353645266594123,919.0,0.5262232769543609,0.3286813518406759,0.2331708748803953,0.4828777017842047,-0.4182824994101028,89.74,0.2009825815096011,0.1799999999999926
2025-12-29,0.5640877799909145,28617.0,0.7353645266594123,919.0,0.6497261533251635,0.5694169826652222,0.4148101433273776,0.644057562122655,-0.1712767466684978,89.9,0.1782928459995725,0.1600000000000108
